{"cameraMode":{"drawMode":0,"name":"Shaded","section":"Shading Mode"},"sceneLighting":false,"audioPlay":false,"sceneViewState":{"showFog":true,"showMaterialUpdate":false,"showSkybox":false,"showFlares":true,"showImageEffects":true,"showParticleSystems":true},"in2DMode":false,"pivot":{"x":0.8728578090667725,"y":0.3258107900619507,"z":1.106894612312317},"rotation":{"x":0.1601562350988388,"y":0.2441025823354721,"z":-0.04109906032681465,"w":0.9555606245994568},"size":4.4757914543151859,"orthographic":false}