{"cameraMode":{"drawMode":0,"name":"Shaded","section":"Shading Mode"},"sceneLighting":false,"audioPlay":false,"sceneViewState":{"showFog":true,"showMaterialUpdate":true,"showSkybox":false,"showFlares":true,"showImageEffects":true,"showParticleSystems":true},"in2DMode":false,"pivot":{"x":277.4718017578125,"y":612.3779907226563,"z":808.1090698242188},"rotation":{"x":-0.08963053673505783,"y":-0.0746440589427948,"z":0.006692518014460802,"w":-0.9931647777557373},"size":981.3088989257813,"orthographic":false}