{"cameraMode":{"drawMode":0,"name":"Shaded","section":"Shading Mode"},"sceneLighting":true,"audioPlay":false,"sceneViewState":{"showFog":true,"showMaterialUpdate":true,"showSkybox":true,"showFlares":true,"showImageEffects":true,"showParticleSystems":true},"in2DMode":false,"pivot":{"x":3.704469919204712,"y":-1.093686819076538,"z":1.5876113176345826},"rotation":{"x":-0.3296106457710266,"y":-0.4407345652580261,"z":0.17807993292808534,"w":-0.8157480359077454},"size":4.814667701721191,"orthographic":false}