{"cameraMode":{"drawMode":0,"name":"Shaded","section":"Shading Mode"},"sceneLighting":true,"audioPlay":false,"sceneViewState":{"showFog":true,"showMaterialUpdate":false,"showSkybox":true,"showFlares":true,"showImageEffects":true,"showParticleSystems":true},"in2DMode":false,"pivot":{"x":8.991720199584961,"y":-8.248477935791016,"z":11.404151916503907},"rotation":{"x":0.5196912288665772,"y":-0.17416413128376008,"z":0.10913794487714768,"w":0.8292695879936218},"size":21.589433670043947,"orthographic":false}