{"cameraMode":{"drawMode":0,"name":"Shaded","section":"Shading Mode"},"sceneLighting":true,"audioPlay":false,"sceneViewState":{"showFog":true,"showMaterialUpdate":false,"showSkybox":true,"showFlares":true,"showImageEffects":true,"showParticleSystems":true},"in2DMode":false,"pivot":{"x":9.546229362487793,"y":-12.460295677185059,"z":27.02367401123047},"rotation":{"x":0.2603493630886078,"y":0.079844169318676,"z":-0.0216069258749485,"w":0.9619691371917725},"size":26.91249656677246,"orthographic":false}