{"cameraMode":{"drawMode":0,"name":"Shaded","section":"Shading Mode"},"sceneLighting":true,"audioPlay":false,"sceneViewState":{"showFog":true,"showMaterialUpdate":false,"showSkybox":true,"showFlares":true,"showImageEffects":true,"showParticleSystems":true},"in2DMode":false,"pivot":{"x":5.803208827972412,"y":2.9177141189575197,"z":7.446610927581787},"rotation":{"x":0.137989342212677,"y":0.7220214009284973,"z":-0.6610057950019836,"w":0.15072672069072724},"size":4.176958084106445,"orthographic":false}